"Site","Partition","&alpha;","&beta;<sup>-</sup>","p<sup>-</sup>","&beta;<sup>+</sup>","p<sup>+</sup>","LRT","p-value","# branches under selection","Total branch length","MEME LogL","FEL LogL","Variation p"
1,1,"0.00","0.00","1.00","0.00","0.00","0.00","1.00","0.00","0.00","0.00","0.00","1.00"
2,1,"0.00","0.00","0.99","136.62","0.01","11.73","0.00","2.00","0.00","-23.77","-19.48","0.01"
3,1,"0.52","0.04","1.00","0.78","0.00","0.00","0.67","0.00","0.00","-14.74","-14.74","1.00"
4,1,"0.61","0.04","0.99","101.96","0.01","2.39","0.15","2.00","0.00","-31.03","-29.42","0.20"
5,1,"0.10","0.04","0.99","113.84","0.01","2.71","0.12","2.00","0.00","-25.66","-24.49","0.31"
6,1,"0.46","0.04","0.90","6.64","0.10","1.23","0.28","3.00","0.00","-36.66","-35.73","0.40"
7,1,"7.83","0.00","0.99","15.95","0.01","-0.04","0.67","1.00","0.00","-58.42","-56.42","0.14"
8,1,"0.12","0.09","1.00","0.18","0.00","0.00","0.67","0.00","0.00","-8.63","-8.63","1.00"
9,1,"0.13","0.00","0.01","0.19","0.99","0.06","0.60","1.00","0.00","-9.59","-9.59","1.00"
10,1,"0.25","0.03","1.00","0.37","0.00","0.00","0.67","0.00","0.00","-17.09","-17.09","1.00"
11,1,"0.50","0.22","1.00","0.75","0.00","0.00","0.67","0.00","0.00","-23.50","-23.50","1.00"
12,1,"0.36","0.00","1.00","0.54","0.00","0.00","0.67","0.00","0.00","-14.57","-14.57","1.00"
13,1,"0.18","0.02","1.00","0.27","0.00","0.00","0.67","0.00","0.00","-8.14","-8.14","1.00"
14,1,"0.30","0.17","1.00","0.45","0.00","0.00","0.67","0.00","0.00","-23.95","-23.95","1.00"
15,1,"0.41","0.09","1.00","0.62","0.00","0.00","0.67","0.00","0.00","-15.91","-15.91","1.00"
16,1,"0.04","0.00","0.00","0.37","1.00","1.08","0.30","3.00","0.00","-25.20","-25.21","1.00"
17,1,"0.00","0.00","0.00","0.18","1.00","2.04","0.18","2.00","0.00","-16.20","-16.21","1.00"
18,1,"0.68","0.04","1.00","1.02","0.00","0.00","0.67","0.00","0.00","-10.67","-10.67","1.00"
19,1,"0.13","0.00","0.99","92.36","0.01","2.20","0.16","1.00","0.00","-16.87","-14.47","0.09"
20,1,"0.93","0.00","0.97","36.99","0.03","2.25","0.16","3.00","0.00","-39.23","-35.67","0.03"
21,1,"0.28","0.08","0.98","3.54","0.02","0.17","0.54","0.00","0.00","-22.82","-22.74","0.92"
22,1,"0.70","0.00","1.00","1.04","0.00","0.00","0.67","0.00","0.00","-18.55","-18.55","1.00"
23,1,"0.00","0.00","0.01","0.23","0.99","0.61","0.40","1.00","0.00","-10.86","-10.86","1.00"
24,1,"0.34","0.20","1.00","0.57","0.00","0.00","0.67","0.00","0.00","-20.97","-20.97","1.00"
25,1,"0.35","0.16","0.96","0.59","0.04","0.00","0.66","0.00","0.00","-21.94","-21.94","1.00"
26,1,"0.65","0.20","1.00","0.97","0.00","0.00","0.67","0.00","0.00","-20.01","-20.01","1.00"
27,1,"0.09","0.03","1.00","0.14","0.00","0.00","0.67","0.00","0.00","-6.73","-6.73","1.00"
28,1,"0.96","0.32","1.00","1.50","0.00","0.00","0.67","0.00","0.00","-39.55","-39.55","1.00"
29,1,"2.51","0.18","1.00","3.76","0.00","0.00","0.67","0.00","0.00","-47.17","-47.17","1.00"
30,1,"0.00","0.00","0.00","0.07","1.00","0.74","0.37","1.00","0.00","-8.57","-8.57","1.00"
31,1,"0.35","0.03","1.00","0.52","0.00","0.00","0.67","0.00","0.00","-14.07","-14.07","1.00"
32,1,"0.99","0.09","1.00","1.63","0.00","0.00","0.67","0.00","0.00","-20.17","-20.17","1.00"
33,1,"1.02","0.19","1.00","1.53","0.00","0.00","0.67","0.00","0.00","-34.32","-34.32","1.00"
34,1,"0.18","0.00","1.00","0.28","0.00","0.00","0.67","0.00","0.00","-7.11","-7.11","1.00"
35,1,"0.00","0.00","0.88","4.26","0.12","8.70","0.01","3.00","0.00","-28.40","-25.22","0.04"
36,1,"0.00","0.00","0.00","0.15","1.00","1.97","0.19","2.00","0.00","-13.43","-13.43","1.00"
37,1,"0.00","0.00","0.53","0.71","0.47","1.22","0.28","2.00","0.00","-19.35","-19.33","0.98"
38,1,"0.95","0.00","1.00","1.43","0.00","0.00","0.67","0.00","0.00","-15.80","-15.80","1.00"
39,1,"0.96","0.00","1.00","1.44","0.00","0.00","0.67","0.00","0.00","-15.19","-15.19","1.00"
40,1,"0.47","0.00","0.96","3.91","0.04","0.44","0.45","1.00","0.00","-20.62","-18.81","0.16"
41,1,"0.28","0.25","1.00","0.42","0.00","0.00","0.67","0.00","0.00","-26.19","-26.19","1.00"
42,1,"0.09","0.00","0.00","0.14","1.00","0.10","0.57","1.00","0.00","-9.62","-9.62","1.00"
43,1,"0.00","0.00","0.00","0.12","1.00","2.00","0.18","2.00","0.00","-14.91","-14.91","1.00"
44,1,"1.86","0.04","0.99","73.21","0.01","1.25","0.28","1.00","0.00","-46.15","-45.53","0.54"
45,1,"0.09","0.00","0.00","0.12","1.00","0.05","0.61","1.00","0.00","-9.97","-9.97","1.00"
46,1,"0.07","0.03","1.00","0.10","0.00","0.00","0.67","0.00","0.00","-7.78","-7.78","1.00"
47,1,"0.94","0.03","0.99","46.79","0.01","0.66","0.39","1.00","0.00","-25.66","-24.91","0.47"
48,1,"0.00","0.00","1.00","0.00","0.00","0.00","1.00","0.00","0.00","0.00","0.00","1.00"
49,1,"0.00","0.00","1.00","0.00","0.00","0.00","1.00","0.00","0.00","0.00","0.00","1.00"
50,1,"0.38","0.02","1.00","0.57","0.00","0.00","0.67","0.00","0.00","-14.45","-14.45","1.00"
51,1,"0.06","0.00","1.00","0.18","0.00","0.00","0.67","0.00","0.00","-5.39","-5.39","1.00"
52,1,"3.52","0.18","1.00","5.28","0.00","0.00","0.67","0.00","0.00","-49.84","-49.84","1.00"
53,1,"1.35","0.03","0.99","16.24","0.01","0.28","0.50","1.00","0.00","-28.21","-27.52","0.50"
54,1,"0.24","0.17","0.92","0.42","0.08","0.00","0.65","0.00","0.00","-24.19","-24.18","1.00"
55,1,"0.26","0.20","1.00","0.40","0.00","0.00","0.67","0.00","0.00","-15.18","-15.18","1.00"
56,1,"1.88","0.06","1.00","2.83","0.00","0.00","0.67","0.00","0.00","-31.86","-31.86","1.00"
57,1,"0.08","0.02","1.00","0.16","0.00","0.00","0.67","0.00","0.00","-7.68","-7.68","1.00"
58,1,"0.71","0.16","1.00","1.06","0.00","0.00","0.67","0.00","0.00","-26.52","-26.52","1.00"
59,1,"1.01","0.15","1.00","1.51","0.00","0.00","0.67","0.00","0.00","-28.16","-28.16","1.00"
60,1,"1.52","0.31","1.00","2.29","0.00","0.00","0.67","0.00","0.00","-48.25","-48.25","1.00"
61,1,"0.24","0.00","1.00","0.36","0.00","0.00","0.67","0.00","0.00","-13.85","-13.85","1.00"
62,1,"1.49","0.05","1.00","2.24","0.00","0.00","0.67","0.00","0.00","-7.95","-7.95","1.00"
63,1,"0.52","0.09","1.00","0.79","0.00","0.00","0.67","0.00","0.00","-14.62","-14.62","1.00"
64,1,"0.11","0.00","0.99","63.32","0.01","2.24","0.16","1.00","0.00","-15.57","-13.38","0.11"
65,1,"1.96","0.06","1.00","2.94","0.00","0.00","0.67","0.00","0.00","-30.28","-30.28","1.00"
66,1,"0.42","0.21","1.00","0.63","0.00","0.00","0.67","0.00","0.00","-24.48","-24.48","1.00"
67,1,"0.00","0.00","1.00","0.00","0.00","0.00","1.00","0.00","0.00","0.00","0.00","1.00"
68,1,"0.00","0.00","1.00","0.00","0.00","0.00","1.00","0.00","0.00","0.00","0.00","1.00"
69,1,"0.00","0.00","1.00","0.00","0.00","0.00","1.00","0.00","0.00","0.00","0.00","1.00"
70,1,"0.00","0.00","0.00","0.03","1.00","0.63","0.40","1.00","0.00","-6.21","-6.21","1.00"
71,1,"0.40","0.04","0.96","2.82","0.04","0.23","0.51","0.00","0.00","-22.24","-21.96","0.76"
72,1,"0.15","0.00","0.90","3.51","0.10","2.36","0.15","2.00","0.00","-23.30","-20.91","0.09"
73,1,"0.00","0.00","1.00","0.00","0.00","0.00","1.00","0.00","0.00","0.00","0.00","1.00"
74,1,"0.00","0.00","1.00","0.00","0.00","0.00","1.00","0.00","0.00","0.00","0.00","1.00"
75,1,"0.00","0.00","1.00","0.00","0.00","0.00","1.00","0.00","0.00","0.00","0.00","1.00"
76,1,"0.00","0.00","1.00","0.00","0.00","0.00","1.00","0.00","0.00","0.00","0.00","1.00"
77,1,"0.00","0.00","1.00","0.00","0.00","0.00","1.00","0.00","0.00","0.00","0.00","1.00"
78,1,"1.00","0.00","1.00","1.50","0.00","0.00","0.67","0.00","0.00","-22.73","-22.73","1.00"
79,1,"0.13","0.04","1.00","0.19","0.00","0.00","0.67","0.00","0.00","-8.96","-8.96","1.00"
80,1,"0.00","0.00","0.95","4.70","0.05","4.28","0.05","1.00","0.00","-13.14","-11.30","0.16"
81,1,"0.07","0.00","0.00","0.40","1.00","0.86","0.34","3.00","0.00","-22.47","-22.47","1.00"
82,1,"0.12","0.03","1.00","0.19","0.00","0.00","0.67","0.00","0.00","-7.52","-7.52","1.00"
83,1,"0.45","0.18","1.00","0.67","0.00","0.00","0.67","0.00","0.00","-23.27","-23.27","1.00"
84,1,"0.64","0.02","1.00","0.96","0.00","0.00","0.67","0.00","0.00","-13.82","-13.82","1.00"
85,1,"0.96","0.00","1.00","1.44","0.00","0.00","0.67","0.00","0.00","-17.26","-17.26","1.00"
86,1,"0.64","0.03","1.00","0.95","0.00","0.00","0.67","0.00","0.00","-14.68","-14.68","1.00"
87,1,"0.00","0.00","0.00","0.04","1.00","0.24","0.51","1.00","0.00","-7.54","-7.54","1.00"
88,1,"0.29","0.03","1.00","0.43","0.00","0.00","0.67","0.00","0.00","-15.84","-15.84","1.00"
89,1,"1.43","0.03","1.00","2.15","0.00","0.00","0.67","0.00","0.00","-20.18","-20.18","1.00"
90,1,"0.08","0.00","0.00","0.14","1.00","0.10","0.57","1.00","0.00","-9.22","-9.22","1.00"
91,1,"1.56","0.08","1.00","3.01","0.00","0.00","0.67","0.00","0.00","-26.16","-26.16","1.00"
92,1,"2.10","0.16","1.00","3.60","0.00","0.00","0.67","0.00","0.00","-37.93","-37.93","1.00"
93,1,"0.12","0.01","0.00","0.21","1.00","0.06","0.60","0.00","0.00","-15.96","-15.96","1.00"
94,1,"0.16","0.09","1.00","0.24","0.00","0.00","0.67","0.00","0.00","-10.15","-10.15","1.00"
95,1,"0.63","0.04","0.99","42.98","0.01","0.61","0.40","1.00","0.00","-27.55","-26.95","0.55"
96,1,"0.05","0.00","0.00","0.09","1.00","0.15","0.55","1.00","0.00","-9.09","-9.04","0.95"
97,1,"0.00","0.00","0.98","30.76","0.02","8.98","0.00","2.00","0.00","-23.70","-20.21","0.03"
98,1,"0.00","0.00","0.00","0.12","1.00","2.04","0.18","1.00","0.00","-9.04","-9.04","1.00"
99,1,"0.00","0.00","0.00","0.34","1.00","0.61","0.40","3.00","0.00","-22.49","-22.49","1.00"
100,1,"0.47","0.05","1.00","0.71","0.00","0.00","0.67","0.00","0.00","-14.11","-14.11","1.00"
101,1,"0.06","0.01","0.00","0.16","1.00","0.41","0.45","0.00","0.00","-15.13","-15.13","1.00"
102,1,"1.68","0.25","1.00","2.52","0.00","0.00","0.67","0.00","0.00","-49.18","-49.18","1.00"
103,1,"0.48","0.03","1.00","0.72","0.00","0.00","0.67","0.00","0.00","-14.02","-14.02","1.00"
104,1,"0.95","0.14","1.00","1.43","0.00","0.00","0.67","0.00","0.00","-28.93","-28.93","1.00"
105,1,"0.62","0.09","1.00","0.93","0.00","0.00","0.67","0.00","0.00","-27.37","-27.37","1.00"
106,1,"1.47","0.00","1.00","2.82","0.00","0.00","0.67","0.00","0.00","-23.59","-23.59","1.00"
107,1,"0.37","0.37","1.00","0.56","0.00","0.00","0.67","0.00","0.00","-30.01","-30.01","1.00"
108,1,"0.05","0.00","0.00","0.16","1.00","0.16","0.54","1.00","0.00","-10.19","-10.19","1.00"
109,1,"0.89","0.07","1.00","1.34","0.00","0.00","0.67","0.00","0.00","-29.49","-29.49","1.00"
110,1,"2.53","0.02","1.00","3.79","0.00","0.00","0.67","0.00","0.00","-38.24","-38.24","1.00"
111,1,"0.26","0.00","1.00","0.39","0.00","0.00","0.67","0.00","0.00","-8.22","-8.22","1.00"
112,1,"0.10","0.10","1.00","0.00","0.00","0.00","0.67","0.00","0.00","-8.85","-8.63","0.81"
113,1,"0.94","0.19","1.00","1.56","0.00","0.00","0.67","0.00","0.00","-32.00","-32.00","1.00"
114,1,"3.00","0.04","1.00","4.50","0.00","0.00","0.67","0.00","0.00","-31.39","-31.39","1.00"
115,1,"0.24","0.03","1.00","0.37","0.00","0.00","0.67","0.00","0.00","-14.60","-14.60","1.00"
116,1,"0.51","0.05","0.81","0.72","0.19","0.01","0.64","0.00","0.00","-19.97","-19.80","0.85"
117,1,"1.10","0.02","1.00","58.09","0.00","0.76","0.37","1.00","0.00","-17.90","-17.17","0.48"
118,1,"4.73","0.12","1.00","7.10","0.00","0.00","0.67","0.00","0.00","-68.64","-68.64","1.00"
119,1,"0.33","0.16","1.00","0.50","0.00","0.00","0.67","0.00","0.00","-17.27","-17.27","1.00"
120,1,"1.95","0.11","1.00","2.92","0.00","0.00","0.67","0.00","0.00","-42.33","-42.33","1.00"
121,1,"1.61","0.03","1.00","2.41","0.00","0.00","0.67","0.00","0.00","-20.64","-20.64","1.00"
122,1,"1.49","0.24","1.00","2.23","0.00","0.00","0.67","0.00","0.00","-33.47","-33.47","1.00"
123,1,"0.50","0.10","1.00","0.76","0.00","0.00","0.67","0.00","0.00","-12.35","-12.35","1.00"
124,1,"1.45","0.17","1.00","2.18","0.00","0.00","0.67","0.00","0.00","-35.35","-35.35","1.00"
125,1,"0.49","0.00","0.99","59.78","0.01","1.26","0.27","1.00","0.00","-21.55","-19.33","0.11"
126,1,"0.00","0.00","1.00","0.00","0.00","0.00","1.00","0.00","0.00","0.00","0.00","1.00"
127,1,"4.67","0.08","1.00","7.01","0.00","0.00","0.67","0.00","0.00","-40.44","-40.44","1.00"
128,1,"1.67","0.07","1.00","2.50","0.00","0.00","0.67","0.00","0.00","-30.68","-30.68","1.00"
129,1,"1.20","0.32","1.00","1.80","0.00","0.00","0.67","0.00","0.00","-45.14","-45.14","1.00"
130,1,"0.11","0.00","0.00","0.19","1.00","0.06","0.60","1.00","0.00","-15.39","-15.39","1.00"
131,1,"1.82","0.03","1.00","2.73","0.00","0.00","0.67","0.00","0.00","-30.83","-30.83","1.00"
132,1,"1.88","0.00","1.00","2.82","0.00","0.00","0.67","0.00","0.00","-29.12","-29.12","1.00"
133,1,"0.15","0.05","0.99","43.51","0.01","0.97","0.32","1.00","0.00","-16.25","-15.74","0.60"
134,1,"0.40","0.08","1.00","0.60","0.00","0.00","0.67","0.00","0.00","-12.97","-12.97","1.00"
135,1,"0.50","0.23","1.00","0.74","0.00","0.00","0.67","0.00","0.00","-19.40","-19.40","1.00"
136,1,"1.97","0.17","1.00","2.96","0.00","0.00","0.67","0.00","0.00","-45.22","-45.22","1.00"
137,1,"1.51","0.04","1.00","2.27","0.00","0.00","0.67","0.00","0.00","-19.98","-19.98","1.00"
138,1,"2.48","0.08","1.00","3.72","0.00","0.00","0.67","0.00","0.00","-39.94","-39.94","1.00"
139,1,"3.07","0.14","1.00","5.69","0.00","0.00","0.67","0.00","0.00","-36.13","-36.12","1.00"
140,1,"2.06","0.06","1.00","3.48","0.00","0.00","0.67","0.00","0.00","-39.94","-39.94","1.00"
141,1,"0.71","0.15","1.00","1.27","0.00","0.00","0.67","0.00","0.00","-15.17","-15.17","1.00"
142,1,"0.18","0.00","0.99","71.73","0.01","1.85","0.20","1.00","0.00","-16.56","-14.26","0.10"
143,1,"2.23","0.17","1.00","3.34","0.00","0.00","0.67","0.00","0.00","-9.59","-9.59","1.00"
144,1,"1.19","0.57","0.95","2.30","0.05","0.02","0.63","0.00","0.00","-53.12","-53.11","0.99"
145,1,"1.30","0.08","1.00","1.94","0.00","0.00","0.67","0.00","0.00","-17.22","-17.22","1.00"
146,1,"0.39","0.04","0.99","51.31","0.01","0.74","0.37","1.00","0.00","-23.95","-23.40","0.58"
147,1,"3.39","0.14","1.00","5.08","0.00","0.00","0.67","0.00","0.00","-38.07","-38.07","1.00"
148,1,"3.34","0.09","1.00","5.00","0.00","0.00","0.67","0.00","0.00","-50.09","-50.09","1.00"
149,1,"1.88","0.09","1.00","2.82","0.00","0.00","0.67","0.00","0.00","-8.72","-8.72","1.00"
150,1,"2.37","0.06","0.97","8.77","0.03","0.15","0.55","1.00","0.00","-35.33","-35.00","0.72"
151,1,"1.76","0.05","1.00","2.64","0.00","0.00","0.67","0.00","0.00","-45.44","-45.44","1.00"
152,1,"1.50","0.06","1.00","2.24","0.00","0.00","0.67","0.00","0.00","-27.04","-27.04","1.00"
153,1,"1.33","0.22","1.00","2.00","0.00","0.00","0.67","0.00","0.00","-29.50","-29.50","1.00"
154,1,"0.44","0.06","1.00","0.67","0.00","0.00","0.67","0.00","0.00","-13.19","-13.19","1.00"
155,1,"3.67","0.17","1.00","5.50","0.00","0.00","0.67","0.00","0.00","-52.97","-52.97","1.00"
156,1,"0.50","0.10","1.00","0.74","0.00","0.00","0.67","0.00","0.00","-17.45","-17.45","1.00"
157,1,"0.82","0.09","0.96","2.37","0.04","0.03","0.62","0.00","0.00","-30.31","-30.23","0.92"
158,1,"0.44","0.18","1.00","0.67","0.00","0.00","0.67","0.00","0.00","-21.35","-21.35","1.00"
159,1,"0.17","0.04","1.00","0.26","0.00","0.00","0.67","0.00","0.00","-8.40","-8.40","1.00"
160,1,"5.16","0.16","1.00","7.74","0.00","0.00","0.67","0.00","0.00","-39.19","-39.19","1.00"
161,1,"2.31","0.07","1.00","3.46","0.00","0.00","0.67","0.00","0.00","-55.50","-55.50","1.00"
162,1,"4.92","0.09","1.00","7.39","0.00","0.00","0.67","0.00","0.00","-47.73","-47.73","1.00"
163,1,"0.68","0.02","1.00","1.03","0.00","0.00","0.67","0.00","0.00","-20.15","-20.15","1.00"
164,1,"1.46","0.12","1.00","2.19","0.00","0.00","0.67","0.00","0.00","-25.37","-25.37","1.00"
165,1,"0.49","0.21","1.00","0.74","0.00","0.00","0.67","0.00","0.00","-21.45","-21.45","1.00"
166,1,"0.97","0.00","0.99","69.14","0.01","0.97","0.32","1.00","0.00","-25.13","-22.91","0.11"
167,1,"0.97","0.00","0.99","15.81","0.01","0.49","0.43","1.00","0.00","-24.37","-22.39","0.14"
168,1,"0.00","0.00","0.00","0.10","1.00","1.59","0.23","1.00","0.00","-8.01","-8.01","1.00"
169,1,"3.58","0.06","1.00","5.37","0.00","0.00","0.67","0.00","0.00","-60.67","-60.67","1.00"
170,1,"1.34","0.10","1.00","2.01","0.00","0.00","0.67","0.00","0.00","-31.62","-31.62","1.00"
171,1,"0.08","0.00","0.00","0.18","1.00","0.23","0.52","0.00","0.00","-16.13","-16.13","1.00"
172,1,"0.99","0.17","1.00","1.48","0.00","0.00","0.67","0.00","0.00","-17.66","-17.66","1.00"
173,1,"0.00","0.00","0.00","0.12","1.00","0.67","0.39","2.00","0.00","-16.32","-16.32","1.00"
174,1,"0.56","0.09","1.00","0.84","0.00","0.00","0.67","0.00","0.00","-15.24","-15.24","1.00"
175,1,"0.72","0.03","1.00","64.28","0.00","0.72","0.37","1.00","0.00","-26.87","-26.20","0.51"
176,1,"2.36","0.11","1.00","3.53","0.00","0.00","0.67","0.00","0.00","-43.62","-43.62","1.00"
177,1,"1.76","0.03","1.00","2.65","0.00","0.00","0.67","0.00","0.00","-41.03","-41.03","1.00"
178,1,"1.05","0.03","1.00","1.58","0.00","0.00","0.67","0.00","0.00","-18.35","-18.35","1.00"
179,1,"2.31","0.00","0.99","55.47","0.01","0.63","0.40","1.00","0.00","-33.39","-31.18","0.11"
180,1,"0.88","0.28","0.97","1.77","0.03","0.02","0.63","0.00","0.00","-35.69","-35.68","0.99"
181,1,"0.00","0.00","0.53","0.51","0.47","0.22","0.52","2.00","0.00","-18.60","-18.58","0.98"
182,1,"6.85","0.00","0.99","71.79","0.01","0.44","0.45","1.00","0.00","-57.32","-55.08","0.11"
183,1,"1.81","0.08","1.00","2.71","0.00","0.00","0.67","0.00","0.00","-42.44","-42.44","1.00"
184,1,"1.97","0.03","1.00","2.95","0.00","0.00","0.67","0.00","0.00","-30.11","-30.11","1.00"
185,1,"7.65","0.00","1.00","11.47","0.00","0.00","0.67","0.00","0.00","-47.39","-47.39","1.00"
186,1,"3.04","0.11","1.00","4.56","0.00","0.00","0.67","0.00","0.00","-9.65","-9.65","1.00"
187,1,"0.55","0.09","1.00","0.86","0.00","0.00","0.67","0.00","0.00","-15.40","-15.40","1.00"
188,1,"0.00","0.00","0.00","0.15","1.00","1.75","0.21","2.00","0.00","-15.60","-15.60","1.00"
189,1,"1.18","0.04","0.90","1.63","0.10","0.03","0.62","0.00","0.00","-34.89","-34.57","0.73"
190,1,"2.78","0.14","1.00","4.17","0.00","0.00","0.67","0.00","0.00","-41.08","-41.08","1.00"
191,1,"0.85","0.03","1.00","1.27","0.00","0.00","0.67","0.00","0.00","-23.24","-23.24","1.00"
192,1,"0.95","0.07","1.00","1.42","0.00","0.00","0.67","0.00","0.00","-19.82","-19.82","1.00"
193,1,"4.04","0.03","0.96","2.83","0.04","0.00","0.67","0.00","0.00","-58.79","-58.35","0.65"
194,1,"0.62","0.05","1.00","0.93","0.00","0.00","0.67","0.00","0.00","-12.65","-12.65","1.00"
195,1,"2.03","0.00","1.00","3.04","0.00","0.00","0.67","0.00","0.00","-32.50","-32.50","1.00"
196,1,"2.00","0.00","1.00","3.00","0.00","0.00","0.67","0.00","0.00","-24.80","-24.80","1.00"
197,1,"3.75","0.04","1.00","5.62","0.00","0.00","0.67","0.00","0.00","-39.39","-39.39","1.00"
198,1,"0.20","0.03","1.00","0.30","0.00","0.00","0.67","0.00","0.00","-8.36","-8.36","1.00"
199,1,"3.24","0.02","1.00","4.87","0.00","0.00","0.67","0.00","0.00","-42.69","-42.69","1.00"
200,1,"3.10","0.15","1.00","6.04","0.00","0.00","0.67","0.00","0.00","-33.91","-33.91","1.00"
201,1,"4.17","0.23","1.00","6.26","0.00","0.00","0.67","0.00","0.00","-48.90","-48.90","1.00"
202,1,"0.00","0.00","1.00","0.00","0.00","0.00","1.00","0.00","0.00","0.00","0.00","1.00"
203,1,"2.56","0.02","1.00","3.84","0.00","0.00","0.67","0.00","0.00","-6.85","-6.85","1.00"
204,1,"2.45","0.06","1.00","3.68","0.00","0.00","0.67","0.00","0.00","-31.61","-31.61","1.00"
205,1,"0.47","0.00","0.99","46.68","0.01","1.09","0.30","1.00","0.00","-23.09","-20.96","0.12"
206,1,"0.00","0.00","1.00","0.00","0.00","0.00","1.00","0.00","0.00","0.00","0.00","1.00"
207,1,"0.00","0.00","1.00","0.00","0.00","0.00","1.00","0.00","0.00","0.00","0.00","1.00"
208,1,"0.00","0.00","1.00","0.00","0.00","0.00","1.00","0.00","0.00","0.00","0.00","1.00"
209,1,"0.94","0.00","1.00","1.41","0.00","0.00","0.67","0.00","0.00","-11.18","-11.18","1.00"
210,1,"0.09","0.01","0.00","0.13","1.00","0.06","0.60","0.00","0.00","-14.82","-14.82","1.00"
211,1,"1.45","0.19","1.00","2.17","0.00","0.00","0.67","0.00","0.00","-28.03","-28.03","1.00"
212,1,"0.00","0.00","0.00","0.07","1.00","1.40","0.25","2.00","0.00","-14.85","-14.85","1.00"
213,1,"0.71","0.15","1.00","1.14","0.00","0.00","0.67","0.00","0.00","-23.40","-23.40","1.00"
214,1,"1.19","0.43","1.00","1.79","0.00","0.00","0.67","0.00","0.00","-41.96","-41.96","1.00"
215,1,"0.00","0.00","0.00","0.05","1.00","1.23","0.28","1.00","0.00","-6.75","-6.75","1.00"
216,1,"0.92","0.23","1.00","1.37","0.00","0.00","0.67","0.00","0.00","-26.54","-26.54","1.00"
217,1,"0.60","0.15","1.00","0.90","0.00","0.00","0.67","0.00","0.00","-15.15","-15.15","1.00"
218,1,"1.21","0.00","0.99","68.55","0.01","0.95","0.33","1.00","0.00","-27.77","-25.51","0.10"
219,1,"0.46","0.33","1.00","0.69","0.00","0.00","0.67","0.00","0.00","-27.65","-27.65","1.00"
220,1,"0.31","0.03","1.00","0.46","0.00","0.00","0.67","0.00","0.00","-14.96","-14.96","1.00"
221,1,"1.56","0.03","0.94","2.39","0.06","0.07","0.59","0.00","0.00","-48.87","-48.28","0.55"
222,1,"0.18","0.04","1.00","0.27","0.00","0.00","0.67","0.00","0.00","-9.76","-9.76","1.00"
223,1,"0.96","0.25","1.00","1.45","0.00","0.00","0.67","0.00","0.00","-38.95","-38.95","1.00"
224,1,"0.10","0.04","0.60","0.38","0.40","0.27","0.50","0.00","0.00","-17.57","-17.50","0.93"
225,1,"0.10","0.10","1.00","0.00","0.00","0.00","0.67","0.00","0.00","-8.85","-8.63","0.81"
226,1,"0.31","0.00","1.00","0.47","0.00","0.00","0.67","0.00","0.00","-13.45","-13.45","1.00"
227,1,"2.05","0.06","1.00","3.07","0.00","0.00","0.67","0.00","0.00","-29.90","-29.90","1.00"
228,1,"0.14","0.13","1.00","0.21","0.00","0.00","0.67","0.00","0.00","-10.17","-10.17","1.00"
229,1,"1.09","0.04","1.00","1.64","0.00","0.00","0.67","0.00","0.00","-23.94","-23.94","1.00"
230,1,"0.14","0.04","1.00","0.21","0.00","0.00","0.67","0.00","0.00","-8.39","-8.39","1.00"
231,1,"0.88","0.04","0.99","61.89","0.01","0.70","0.38","1.00","0.00","-30.04","-29.36","0.50"
232,1,"0.07","0.00","0.00","0.11","1.00","0.11","0.57","1.00","0.00","-9.73","-9.73","1.00"
233,1,"0.00","0.00","0.00","0.05","1.00","1.10","0.30","1.00","0.00","-6.84","-6.84","1.00"
234,1,"0.00","0.00","0.99","80.97","0.01","10.29","0.00","2.00","0.00","-23.88","-20.30","0.03"
235,1,"0.41","0.12","1.00","0.61","0.00","0.00","0.67","0.00","0.00","-16.99","-16.99","1.00"
236,1,"0.50","0.03","1.00","0.73","0.00","0.00","0.67","0.00","0.00","-10.97","-10.95","0.98"
237,1,"0.48","0.00","1.00","0.72","0.00","0.00","0.67","0.00","0.00","-10.35","-10.35","1.00"
238,1,"0.00","0.00","1.00","0.00","0.00","0.00","1.00","0.00","0.00","0.00","0.00","1.00"
239,1,"0.99","0.03","1.00","1.49","0.00","0.00","0.67","0.00","0.00","-27.47","-27.47","1.00"
240,1,"0.00","0.00","0.00","0.11","1.00","1.70","0.21","1.00","0.00","-8.42","-8.42","1.00"
241,1,"2.37","0.00","0.97","7.51","0.03","0.12","0.56","1.00","0.00","-34.23","-32.28","0.14"
242,1,"0.06","0.00","0.85","0.91","0.15","1.63","0.22","1.00","0.00","-13.45","-11.89","0.21"
243,1,"0.55","0.06","1.00","0.82","0.00","0.00","0.67","0.00","0.00","-13.65","-13.65","1.00"
244,1,"1.03","0.06","0.77","7.63","0.23","2.78","0.12","3.00","0.00","-77.75","-76.49","0.28"
245,1,"0.00","0.00","0.00","0.03","1.00","0.52","0.42","1.00","0.00","-7.63","-7.63","1.00"
246,1,"0.00","0.00","1.00","0.00","0.00","0.00","1.00","0.00","0.00","0.00","0.00","1.00"
247,1,"0.00","0.00","1.00","0.00","0.00","0.00","1.00","0.00","0.00","0.00","0.00","1.00"
248,1,"0.00","0.00","1.00","0.00","0.00","0.00","1.00","0.00","0.00","0.00","0.00","1.00"
249,1,"0.00","0.00","0.00","75.50","1.00","0.60","0.40","1.00","0.00","-6.78","-6.78","1.00"
250,1,"0.00","0.00","1.00","0.00","0.00","0.00","1.00","0.00","0.00","0.00","0.00","1.00"
251,1,"0.00","0.00","1.00","0.00","0.00","0.00","1.00","0.00","0.00","0.00","0.00","1.00"
252,1,"0.00","0.00","1.00","0.00","0.00","0.00","1.00","0.00","0.00","0.00","0.00","1.00"
253,1,"0.00","0.00","1.00","0.00","0.00","0.00","1.00","0.00","0.00","0.00","0.00","1.00"
254,1,"0.00","0.00","1.00","0.00","0.00","0.00","1.00","0.00","0.00","0.00","0.00","1.00"
255,1,"0.00","0.00","1.00","0.00","0.00","0.00","1.00","0.00","0.00","0.00","0.00","1.00"
256,1,"0.00","0.00","1.00","0.00","0.00","0.00","1.00","0.00","0.00","0.00","0.00","1.00"
257,1,"0.00","0.00","1.00","0.00","0.00","0.00","1.00","0.00","0.00","0.00","0.00","1.00"
